id,image,name
website_sale.laptops,https://images.idgesg.net/images/article/2017/11/bestbuylenovolaptop-100742402-large.jpg,Laptops
website_sale.sub_computers,/home/users/neha.gupta/Downloads/download.jpg,Computers
website_sale.Computer_all_in_one,Computer_all_in_one.jpeg,Computer all-in-one
website_sale.server,server.jpeg,Server
website_sale.devices,device.jpeg,Devices
website_sale.External_Hard_Drive,https://images-na.ssl-images-amazon.com/images/I/61S6nfequ3L._SX355_.jpg,External Hard Drive
website_sale.Headset,Headset.jpeg,Headset
website_sale.Keyboard_Mouse,Keyboard_Mouse.jpeg,Keyboard / Mouse
website_sale.Pen_Drive,Pen_Drive.jpeg,Pen Drive
website_sale.printer,http://product-images.www8-hp.com/digmedialib/prodimg/lowres/c02949158.png,Printer
website_sale.Screen,http://clipart-library.com/images/8iEbXaGoT.png,Screen
website_sale.Software,software.jpeg,Software
website_sale.Speakers,Speakers.jpeg,Speakers
website_sale.network,Network.jpeg,Network
website_sale.Components,Components.png,Components
website_sale.services,services.jpeg,Services
