<?xml version="1.0" encoding="utf-8"?>
<!-- Copyright (c) 2016-Present Webkul Software Pvt. Ltd. (<https://webkul.com/>) -->
<!-- See LICENSE file for full copyright and licensing details. -->
<!-- License URL : https://store.webkul.com/license.html/ -->
<odoo>
    <data>
        <record id="license_expiration_alert_email" model="mail.template">
            <field name="name">License Expire Alert Email</field>
            <field name="email_to">${object.email}</field>
            <field name="email_from">${user.company_id.email}</field>
            <field name="subject">License Expire Alert Email</field>
            <field name="model_id" ref="wk_mclane_customization.model_res_partner"/>
            <field name="body_html"><![CDATA[
                <h2>Hello ${object.name}</h2>
                <p>We noticed that your license is expiring soon. Please make sure all documents and up to date and reflective of current business requirements.</p>
                 <p>Thank you for being a loyal customer.</p>
            ]]>
            </field>
        </record>
    </data>
</odoo>